id_atendimento,data_venda,valor_venda,descricao_servico,valor_servico,nome_animal,peso_animal,nome_cliente,nome_funcionario,cpf_funcionario,data_atendimento,valor_total_atendimento
1,2024-07-15 00:00:00,75.9,Venda de Produtos da Loja,50.0,Bella,3.0,Carlos Pereira,Fernanda Costa,56789012345,2024-07-15 00:00:00,75.9
2,2024-07-20 00:00:00,70.0,Consulta Veterinária de Emergência,70.0,Gigi,0.25,Ricardo Lima,Ana Santos,45678901234,2024-07-20 00:00:00,70.0
3,2024-07-20 00:00:00,100.0,Diária Básica,100.0,Bella,3.0,Carlos Pereira,Ana Santos,45678901234,2024-07-20 00:00:00,100.0
4,2024-08-01 00:00:00,150.0,Transporte para Consultas,150.0,Dolly,2.2,Tiago Fernandes,Ana Santos,45678901234,2024-08-01 00:00:00,150.0
5,2024-08-05 00:00:00,40.0,Venda de Produtos da Loja,40.0,Piui,1.8,Juliana Martins,Ricardo Lima,89012345678,2024-08-05 00:00:00,40.0
6,2024-08-10 00:00:00,100.0,Banho,80.0,Milo,4.8,Ana Santos,Fernanda Costa,56789012345,2024-08-10 00:00:00,100.0
7,2024-08-12 00:00:00,50.0,Venda de Produtos da Loja,20.0,Fufu,0.3,Gabriela Mendes,Ricardo Lima,89012345678,2024-08-12 00:00:00,20.0
8,2024-08-12 00:00:00,50.0,Aparação de Bico,30.0,Nina,0.8,Gabriela Mendes,Ricardo Lima,89012345678,2024-08-12 00:00:00,30.0
9,2024-08-14 00:00:00,185.9,Consulta Veterinária de Emergência,40.0,Rex,8.5,João Silva,Paulo Souza,67890123456,2024-08-14 00:00:00,40.0
10,2024-08-14 00:00:00,185.9,Diária Básica,50.0,Rex,8.5,João Silva,Paulo Souza,67890123456,2024-08-14 00:00:00,75.9
11,2024-08-14 00:00:00,185.9,Banho,70.0,Rex,8.5,João Silva,Paulo Souza,67890123456,2024-08-14 00:00:00,70.0
12,2024-08-18 00:00:00,25.0,Diária Básica,0.0,Parker,1.5,Arnaldo,Carlos Pereira,34567890123,2024-08-18 00:00:00,25.0
13,2024-08-20 00:00:00,105.0,Aparação de Bico,70.0,Pipoca,1.2,Mariana Rocha,Ana Santos,45678901234,2024-08-20 00:00:00,105.0
14,2024-08-25 00:00:00,200.0,Diária Básica,80.0,Toby,4.0,Laura Nascimento,Ana Santos,45678901234,2024-08-25 00:00:00,200.0
15,2024-09-01 00:00:00,125.0,Diária com Recreação,80.0,Rex,2.0,Fernanda Costa,Fernanda Costa,56789012345,2024-09-01 00:00:00,125.0
16,2024-09-05 00:00:00,360.0,Consulta Veterinária de Emergência,0.0,Parker,1.5,Arnaldo,Carlos Pereira,34567890123,2024-09-05 00:00:00,230.0
17,2024-09-05 00:00:00,360.0,Consulta Veterinária de Emergência,70.0,Blue,0.6,André Duarte,Ana Santos,45678901234,2024-09-05 00:00:00,130.0
18,2024-09-08 00:00:00,100.0,Transporte para Consultas,100.0,Sasha,8.5,Carolina Ribeiro,Ana Santos,45678901234,2024-09-08 00:00:00,100.0
19,2024-09-08 00:00:00,70.0,Venda de Produtos da Loja,70.0,Tina,9.4,Paulo Souza,Juliana Martins,78901234567,2024-09-08 00:00:00,70.0
20,2024-09-12 00:00:00,40.0,Banho,0.0,Parker,1.5,Arnaldo,Carlos Pereira,34567890123,2024-09-12 00:00:00,40.0
21,2024-09-15 00:00:00,150.0,Transporte para Consultas,50.0,Toby,7.0,Ana Santos,Paulo Souza,67890123456,2024-09-15 00:00:00,50.0
22,2024-09-15 00:00:00,150.0,Desparasitação,100.0,Toby,7.0,Ana Santos,Ana Santos,45678901234,2024-09-15 00:00:00,100.0
23,2024-09-17 00:00:00,270.0,Venda de Produtos da Loja,80.0,Luna,5.2,Maria Oliveira,Ana Santos,45678901234,2024-09-17 00:00:00,135.0
24,2024-09-17 00:00:00,270.0,Diária Básica,80.0,Luna,5.2,Maria Oliveira,Ana Santos,45678901234,2024-09-17 00:00:00,135.0
25,2024-09-20 00:00:00,120.0,Venda de Produtos da Loja,0.0,Parker,1.5,Arnaldo,Carlos Pereira,34567890123,2024-09-20 00:00:00,120.0
26,2024-09-22 00:00:00,275.0,Exame Parasitológico de Aves,120.0,Simba,5.5,Bruno Almeida,Paulo Souza,67890123456,2024-09-22 00:00:00,127.5
27,2024-09-22 00:00:00,275.0,Diária Básica,120.0,Luna,6.0,Bruno Almeida,Paulo Souza,67890123456,2024-09-22 00:00:00,127.5
28,2024-09-22 00:00:00,275.0,Exame Parasitológico de Aves,20.0,Luna,6.0,Bruno Almeida,Paulo Souza,67890123456,2024-09-22 00:00:00,20.0
29,2024-10-02 00:00:00,235.0,Aparação de Asas,30.0,Bella,3.0,Carlos Pereira,Ricardo Lima,89012345678,2024-10-01 00:00:00,60.0
30,2024-10-02 00:00:00,235.0,Banho,80.0,Bella,3.0,Carlos Pereira,Ricardo Lima,89012345678,2024-10-01 00:00:00,95.0
31,2024-10-02 00:00:00,235.0,Diária com Recreação,80.0,Bella,3.0,Carlos Pereira,Ricardo Lima,89012345678,2024-10-02 00:00:00,80.0
32,2024-10-05 00:00:00,30.0,Consulta Geral,30.0,Rico,0.5,Juliana Martins,Paulo Souza,67890123456,2024-10-05 00:00:00,30.0
33,2024-10-05 00:00:00,280.0,Desparasitação,200.0,Rocky,7.5,Eduardo Gonçalves,Ana Santos,45678901234,2024-10-05 00:00:00,280.0
34,2024-10-10 00:00:00,70.0,Consulta Geral,70.0,Gigi,0.25,Ricardo Lima,Ana Santos,45678901234,2024-10-10 00:00:00,70.0
35,2024-10-12 00:00:00,45.0,Exame Parasitológico de Aves,0.0,Parker,1.5,Arnaldo,Carlos Pereira,34567890123,2024-10-12 00:00:00,45.0
36,2024-10-15 00:00:00,175.0,Banho,150.0,Sasha,8.5,Carolina Ribeiro,Ana Santos,45678901234,2024-10-15 00:00:00,175.0
37,2024-10-18 00:00:00,40.0,Aplicação de Vacinas,40.0,Pipoca,1.2,Mariana Rocha,Fernanda Costa,56789012345,2024-10-18 00:00:00,40.0
38,2024-10-20 00:00:00,235.0,Aparação de Bico,50.0,Rex,2.0,Fernanda Costa,Paulo Souza,67890123456,2024-10-20 00:00:00,50.0
39,2024-10-20 00:00:00,235.0,Microchipagem,150.0,Rex,2.0,Fernanda Costa,Ana Santos,45678901234,2024-10-20 00:00:00,185.0
40,2024-10-22 00:00:00,115.9,Transporte para Consultas,50.0,Dolly,2.2,Tiago Fernandes,Ricardo Lima,89012345678,2024-10-22 00:00:00,75.9
41,2024-10-22 00:00:00,115.9,Exame Parasitológico de Aves,40.0,Dolly,2.2,Tiago Fernandes,Ricardo Lima,89012345678,2024-10-22 00:00:00,40.0
42,2024-10-25 00:00:00,400.0,Aplicação de Vacinas,100.0,Rex,8.5,João Silva,Ana Santos,45678901234,2024-10-25 00:00:00,100.0
43,2024-10-25 00:00:00,400.0,Banho Com Shampoo Antipulgas,20.0,Rex,8.5,João Silva,Paulo Souza,67890123456,2024-10-25 00:00:00,20.0
44,2024-10-25 00:00:00,400.0,Aplicação de Vacinas,200.0,Rex,8.5,João Silva,Ana Santos,45678901234,2024-10-25 00:00:00,280.0
45,2024-08-20,478.42,Diária Básica,220.8,Jo,11.9,Edward Hamilton,Michael Thompson Jr.,155-18-3789,2024-11-04,225.08
46,2024-06-01,68.9,Banho,52.67,Christopher,5.21,David Kelley,Elizabeth Barnes,501-13-4210,2024-11-12,676.57
47,2024-01-13,278.02,Tosa Completa,23.7,Bryan,43.76,Michelle Navarro,Natasha Davis,579-36-8423,2024-11-23,457.18
48,2024-01-28,237.24,Aplicação de Vacinas,112.96,Rachel,11.96,Lauren Rivera,Alexandra Taylor,351-73-8058,2024-11-09,497.21
49,2024-05-13,142.82,Corte de Unhas,242.75,Dawn,38.64,Catherine Douglas,Steven Garcia,208-36-0843,2024-11-09,166.99
50,2024-08-11,499.77,Consulta Geral,213.24,Andres,17.63,Tracy Adkins,Lori Brown,397-21-4089,2024-11-06,686.6
51,2024-09-04,428.93,Venda de Produtos da Loja,60.2,Alyssa,27.39,Rebekah Jones,Scott Tucker,817-05-3049,2024-11-02,229.69
52,2024-08-10,455.84,Desparasitação,60.53,April,41.78,Michael Peters,Richard Williams,442-73-5154,2024-11-20,299.73
53,2024-07-31,91.76,Aparação de Bico,173.02,Christopher,15.04,Gregory Wilson,Mary Ortiz,066-39-8587,2024-11-10,194.42
54,2024-07-26,348.54,Venda de Produtos da Loja,66.82,Scott,28.96,Laura Carpenter,Sherri Green,576-27-9188,2024-11-19,370.43
55,2024-01-19,240.04,Consulta Veterinária de Emergência,83.02,Sandra,37.53,Kathy Hubbard,Phillip Mccoy,438-24-5106,2024-11-09,290.99
56,2024-07-09,494.92,Venda de Produtos da Loja,157.1,Kelly,41.98,Elizabeth Nelson,Travis Mccall,272-40-5316,2024-11-14,509.3
57,2024-07-26,446.57,Tosa Completa,98.92,Julia,32.99,Haley Greene,Reginald Harrison,229-81-7330,2024-11-19,428.45
58,2024-05-16,240.73,Corte de Unhas,253.91,Suzanne,38.91,Melissa Williams,Antonio Novak,442-06-6540,2024-11-03,600.32
59,2024-10-30,479.03,Transporte para Consultas,154.96,Zachary,5.91,Jennifer Adams,Andrew Leonard,206-30-4862,2024-11-22,426.96
60,2024-07-29,439.89,Desparasitação,45.45,Luis,40.19,Cheryl Reese,Alexis Mcpherson,822-08-5563,2024-11-03,617.77
61,2024-08-19,108.62,Desparasitação,129.79,Chelsea,19.16,Stephanie Cantrell,Sydney Banks,621-28-8570,2024-11-18,185.44
62,2024-05-07,229.37,Diária Básica,215.94,Bobby,30.87,Jesse Williams,Jessica Ruiz,541-65-3493,2024-11-21,163.59
63,2024-06-25,149.58,Aparação de Asas,219.78,Kristina,49.88,Joseph Alexander,Eric Miller,322-05-6139,2024-11-14,130.99
64,2024-06-16,63.19,Consulta Veterinária de Emergência,155.16,Renee,17.19,Martin Wagner,Carolyn Moore,326-17-3837,2024-11-08,514.67
65,2024-01-22,216.35,Aplicação de Vacinas,220.84,Kyle,12.28,Anthony Wright,Dwayne Johnson,685-30-1012,2024-11-11,383.52
66,2024-01-05,177.45,Tosa Completa,210.01,David,46.36,Jessica Barnes,Gilbert Ortiz,282-09-0060,2024-11-15,259.95
67,2024-04-17,251.93,Aplicação de Vacinas,22.09,Sarah,7.34,Sandra Jacobs,Jennifer Nichols,126-41-9948,2024-11-05,296.68
68,2024-01-07,223.93,Venda de Produtos da Loja,125.84,Hector,5.59,Mrs. Patricia Smith,Steven Owens,294-79-3366,2024-11-20,630.58
69,2024-08-26,478.16,Banho,272.22,Laura,49.41,Mathew Morgan,Jennifer Gomez,132-09-6137,2024-11-18,371.19
70,2024-09-27,261.87,Consulta Veterinária de Emergência,188.14,William,10.4,Richard Garrett,Ryan Solomon,362-37-0831,2024-11-06,75.94
71,2024-03-31,320.72,Banho,285.69,Timothy,33.02,Jared Delgado,Jamie House,062-91-4763,2024-11-22,127.15
72,2024-11-16,220.54,Venda de Produtos da Loja,293.73,Rachel,26.84,Andrew Marquez,Elizabeth Taylor,093-86-7039,2024-11-10,534.56
73,2024-07-14,60.35,Aplicação de Vacinas,253.95,Heather,33.42,Amy Sims,Gabriela Green,760-36-7370,2024-11-04,320.61
74,2024-10-08,455.29,Banho,70.21,Sierra,23.35,Karen Hutchinson,Mark Baker,077-65-4511,2024-11-14,616.58
75,2024-02-06,266.04,Aplicação de Vacinas,273.29,Leonard,32.47,Shannon Thomas,Stephanie Thomas,326-72-5013,2024-11-06,559.21
76,2024-04-08,99.58,Consulta Veterinária de Emergência,244.4,Olivia,17.63,Tammie White,Amber Jones,806-34-5158,2024-11-18,631.82
77,2024-11-23,433.03,Aparação de Asas,166.85,Nathan,42.67,James Randolph,Jesus Gonzalez Jr.,808-07-2132,2024-11-02,75.52
78,2024-03-06,175.79,Corte de Dentes,206.49,Susan,14.59,Curtis Davis,Mary Gonzales,783-49-0387,2024-11-17,168.75
79,2024-11-22,303.54,Desparasitação,83.43,Christopher,6.67,Kevin Gibson,Preston Brown,769-89-4978,2024-11-10,614.78
80,2024-09-03,283.3,Tosa Completa,135.24,Derrick,46.66,Laura Hurst,Dominic Contreras,626-39-7193,2024-11-15,559.4
81,2024-07-14,245.56,Transporte para Consultas,83.42,Gabrielle,44.62,Patrick Smith,Lynn Thompson,855-98-3528,2024-11-16,152.44
82,2024-03-11,109.78,Venda de Produtos da Loja,82.09,Amber,30.21,Heather Brown,Anthony Lopez,537-84-6711,2024-11-20,400.93
83,2024-08-25,432.62,Venda de Produtos da Loja,45.54,Nancy,35.7,Jacob Weeks,Alan Myers,817-71-9406,2024-11-15,618.74
84,2024-04-17,369.32,Diária Básica,152.74,Matthew,10.29,Jordan Howard,Maxwell Yu,121-59-7550,2024-11-19,619.2
85,2024-02-27,245.86,Consulta Veterinária de Emergência,233.18,Brian,8.42,Sean Hardin,Heather Dunn,382-62-7042,2024-11-14,469.81
86,2024-07-10,149.65,Banho,112.21,Paul,22.62,Antonio Warren,Joshua Davis,131-96-9936,2024-11-21,195.0
87,2024-09-02,456.48,Consulta Veterinária de Emergência,95.19,Kelly,12.54,Joseph Stevenson,Christopher Torres,567-84-3512,2024-11-14,544.5
88,2024-01-24,237.39,Aplicação de Vacinas,291.67,Jeffrey,29.35,Marie Lewis,Nicole Stewart,692-68-5348,2024-11-12,569.77
89,2024-05-10,184.93,Aparação de Bico,162.59,Dana,43.88,Raymond Patterson,Larry Lewis,268-08-7012,2024-11-23,185.05
90,2024-07-19,355.96,Tosa Higiênica,91.9,David,41.09,Monica Buck,Anita Cooke,535-54-9357,2024-11-04,71.18
91,2024-04-02,490.67,Consulta Veterinária de Emergência,244.2,Lisa,15.86,Katie Webb,Ethan Crawford,877-04-3753,2024-11-18,562.3
92,2024-09-04,58.85,Tosa Completa,115.15,Lori,12.86,Joseph Watson,Zachary Clements,429-32-4119,2024-11-05,444.85
93,2024-10-05,250.95,Corte de Dentes,62.85,Albert,38.83,Jessica Mcgee,William Gardner,196-49-8667,2024-11-03,699.48
94,2024-01-04,408.63,Tosa Higiênica,95.8,William,31.68,John Herrera,Teresa Davis,134-03-1129,2024-11-01,207.07
95,2024-02-09,241.87,Venda de Produtos da Loja,114.87,Joshua,28.78,Cindy Morris,April Barker,733-77-4214,2024-11-09,269.29
96,2024-07-04,487.78,Aplicação de Vacinas,40.34,Emily,27.73,Brandon Mcmillan,Jason Duncan,447-82-9062,2024-11-05,207.11
97,2024-08-22,262.91,Transporte para Consultas,76.3,Joy,42.24,Joseph Gross,Jessica Pena,842-35-9046,2024-11-09,181.25
98,2024-05-01,467.55,Aplicação de Vacinas,214.04,Keith,7.27,Donna Shaffer,Melissa Price,585-32-0069,2024-11-04,251.57
99,2024-07-21,299.18,Consulta Veterinária de Emergência,24.03,Alexis,49.27,Ronald Cline,Elaine Neal,447-60-1225,2024-11-03,639.99
100,2024-05-17,360.51,Venda de Produtos da Loja,50.04,John,48.42,David Gilbert,Sarah Rasmussen,689-56-8404,2024-11-19,305.88
101,2024-10-31,498.29,Transporte para Consultas,156.6,Rebecca,9.65,Theresa Marquez,Gregory Watson,878-22-3274,2024-11-13,400.98
102,2024-06-01,384.62,Venda de Produtos da Loja,81.17,Mary,33.64,Jorge Gordon,Sarah Moore,223-81-5640,2024-11-06,615.07
103,2024-03-29,310.84,Consulta Geral,140.15,Ashley,28.69,Robert Young,Mr. Jeffrey Johnson DDS,558-34-3701,2024-11-08,540.36
104,2024-03-22,409.85,Diária com Recreação,116.37,David,14.1,Matthew Lowery,Brittany Murray,533-20-0331,2024-11-17,372.38
105,2024-03-21,76.67,Banho,91.44,Karen,46.69,Melinda Conway,Lisa Anderson,484-40-2056,2024-11-21,479.3
106,2024-10-10,65.55,Exame Parasitológico de Aves,189.04,Leonard,29.3,Justin Price,Teresa Jones,202-04-9753,2024-11-12,461.91
107,2024-11-09,412.39,Aplicação de Vacinas,218.4,Benjamin,46.79,Joel Wallace,Alan Moore,560-95-2200,2024-11-15,271.74
108,2024-03-27,207.42,Venda de Produtos da Loja,213.87,Margaret,28.23,Steven Petersen,Jo Escobar,642-48-1748,2024-11-17,692.87
109,2024-07-12,466.51,Aparação de Bico,142.98,Thomas,37.31,Jennifer Mitchell,Ashley Haynes,134-56-5308,2024-11-12,259.54
110,2024-11-08,395.21,Venda de Produtos da Loja,251.32,Joshua,41.0,Andrea Lloyd,Christopher Hayden,401-83-4810,2024-11-21,224.33
111,2024-10-15,457.67,Aparação de Bico,180.44,Joel,36.11,John Lewis,Timothy Chavez,109-34-5385,2024-11-05,269.31
112,2024-06-17,186.44,Exame de Sangue,110.7,Timothy,18.15,Christopher Calhoun,Cory Higgins Jr.,065-44-7742,2024-11-16,457.8
113,2024-10-25,166.42,Aplicação de Vacinas,96.17,Tamara,12.39,Faith Cunningham,Lisa Cervantes,640-88-2438,2024-11-15,278.1
114,2024-10-09,473.38,Aparação de Asas,107.19,Linda,42.91,James Ortiz,Brittany Acosta,477-18-9476,2024-11-02,219.56
115,2024-09-03,404.8,Consulta Veterinária de Emergência,127.59,Paula,21.63,Rose Reyes,Catherine Warren,128-43-2722,2024-11-05,387.28
116,2024-07-02,256.8,Consulta Geral,261.73,Sean,9.31,Steven Dorsey,Paula Bates,305-77-6348,2024-11-01,110.34
117,2024-10-21,242.93,Diária com Recreação,224.68,Nicole,38.2,Charles Carr,Jeffrey Johnson,396-42-9892,2024-11-21,675.91
118,2024-05-19,346.48,Venda de Produtos da Loja,88.98,Michael,17.66,Jennifer Sanchez,Alejandra Mullen,321-85-1132,2024-11-22,673.83
119,2024-06-29,53.88,Corte de Unhas,89.0,Nicholas,32.19,Barbara Matthews,Priscilla Spencer,530-05-0562,2024-11-02,144.78
120,2024-01-18,236.26,Banho Com Shampoo Antipulgas,50.35,Melissa,23.43,Kyle Bailey,Rose Phillips,194-58-2201,2024-11-23,299.82
121,2024-09-05,317.52,Diária com Recreação,167.71,Anthony,17.85,Caroline Guzman,Rebecca Kirk,337-43-4487,2024-11-14,553.2
122,2024-10-23,129.21,Microchipagem,268.03,Jerry,6.45,Heather Roth,Mary Johnson,223-63-2073,2024-11-10,244.09
123,2024-11-19,458.15,Consulta Geral,104.86,Heather,15.98,Mark Bryan,Melissa Moreno,202-43-8636,2024-11-04,655.22
124,2024-05-01,283.56,Consulta Geral,104.95,David,44.81,Anthony Mitchell,Benjamin Reid,058-28-8215,2024-11-22,193.63
125,2024-06-16,484.13,Banho Com Shampoo Antipulgas,284.38,Stacey,24.06,Benjamin Vance,Brian Ryan,444-21-9675,2024-11-14,387.68
126,2024-07-08,197.42,Transporte para Banho e Tosa,164.92,Abigail,11.83,Raymond Maddox,Douglas Gomez,790-09-9052,2024-11-01,84.39
127,2024-07-05,492.5,Desparasitação,192.8,Patrick,45.0,Nicole Williams,John Hernandez,637-60-9464,2024-11-12,309.79
128,2024-02-10,144.25,Diária Básica,296.87,Kenneth,36.18,Mark Berry,Joshua Brown,489-05-7866,2024-11-21,99.84
129,2024-08-20,407.61,Venda de Produtos da Loja,278.07,Bruce,27.01,Michelle Soto,Brenda Tanner,446-56-0968,2024-11-17,518.81
130,2024-06-16,118.47,Banho,43.42,Jeremy,33.09,Mrs. Angela Hoffman,Benjamin Kelley,451-08-2588,2024-11-02,612.97
131,2024-03-22,270.98,Consulta Geral,101.13,Miguel,39.17,Melissa Moore,Michelle Phillips,565-61-8688,2024-11-20,130.74
132,2024-05-20,283.04,Tosa Completa,294.53,Dennis,36.84,Derrick Rogers,Nicole Spears,840-41-4149,2024-11-15,498.6
133,2024-07-10,145.55,Exame Parasitológico de Aves,264.76,Jaime,42.06,Todd Carr,Daniel Williams,176-97-6249,2024-11-17,273.7
134,2024-03-25,204.31,Aparação de Asas,84.22,Brenda,45.8,Sandra Mccarty,Andrea Cox,650-03-6350,2024-11-04,247.82
135,2024-08-30,361.98,Aplicação de Vacinas,59.3,Heather,8.5,Matthew Brown,Jon Davis DDS,137-82-7344,2024-11-14,110.35
136,2024-02-08,226.34,Aparação de Asas,122.15,Denise,12.26,George Hunt,Miguel Gomez,610-10-9192,2024-11-23,271.18
137,2024-03-06,127.84,Aparação de Bico,134.31,Jeremiah,17.94,Nathan Harmon,Victoria Perry,464-64-3455,2024-11-12,112.62
138,2024-10-20,84.07,Tosa Completa,126.28,Laura,43.7,Bonnie Johnson,Stanley Wang,311-58-5045,2024-11-11,237.45
139,2024-10-15,391.72,Consulta Geral,124.08,Shawn,30.7,Mrs. Whitney Montoya,Timothy Reyes,313-43-5167,2024-11-21,565.71
140,2024-02-23,50.63,Exame Parasitológico de Aves,58.81,Angela,39.66,Kaitlin Torres,Lynn Griffin,116-15-7603,2024-11-22,310.96
141,2024-02-15,176.91,Aparação de Asas,122.42,David,29.9,Paul Cook,James Robinson,259-43-3864,2024-11-21,547.33
142,2024-02-17,193.93,Diária Básica,150.45,Frank,49.61,Alejandra Watkins,Catherine Payne,446-25-1205,2024-11-03,187.66
143,2024-04-25,107.04,Aparação de Asas,59.16,Randy,28.81,Molly Horn,Gary Ewing,189-37-3403,2024-11-23,329.43
144,2024-03-27,357.91,Diária Básica,194.14,Jasmine,20.0,Crystal Richardson,Angela Smith,576-71-1736,2024-11-03,464.08
145,2024-02-04,77.15,Consulta Veterinária de Emergência,29.48,Benjamin,46.6,Steven Thomas,Shawn Oconnor,211-19-6386,2024-11-10,476.6
146,2024-04-23,130.51,Banho,248.49,Seth,12.8,Melissa Hays,Martin Rice DDS,706-49-8185,2024-11-18,698.09
147,2024-03-29,187.0,Diária Básica,218.41,Kevin,43.59,Cameron Fisher,Samantha Werner,821-79-8126,2024-11-13,153.04
148,2024-09-06,419.21,Consulta Geral,257.95,Beverly,44.19,Eric David,Anthony Bass,706-95-5769,2024-11-16,254.27
149,2024-02-09,306.45,Diária com Recreação,61.59,Deborah,13.56,Kathryn Barker,Preston Hayes,468-81-5894,2024-11-15,556.13
150,2024-06-23,107.24,Venda de Produtos da Loja,91.54,George,40.4,Laura Nielsen,Monica Roman,707-97-6747,2024-11-04,295.44
151,2024-05-06,113.54,Exame Parasitológico de Aves,291.02,Danielle,24.45,Robert Conner,Carolyn Williamson,435-32-4832,2024-11-10,392.78
152,2024-11-09,319.35,Transporte para Consultas,89.77,Kevin,41.39,Caroline Martin,Christina Lewis,242-11-0461,2024-11-22,210.86
153,2024-04-28,64.06,Aplicação de Vacinas,146.54,Kyle,18.97,Jason Vasquez,Natasha Byrd,144-44-9459,2024-11-15,677.31
154,2024-11-02,296.55,Venda de Produtos da Loja,115.98,Andrew,36.26,Tiffany Mosley,Jim Martin,335-02-3353,2024-11-21,513.43
155,2024-04-08,183.55,Consulta Veterinária de Emergência,202.97,Rachel,32.93,Matthew Griffin,Paul Nguyen,237-25-2336,2024-11-06,597.46
156,2024-10-20,316.03,Diária com Recreação,99.53,Ronald,34.99,Taylor Jones,Kimberly Wood,161-35-7133,2024-11-06,287.55
157,2024-07-06,270.94,Venda de Produtos da Loja,297.64,Evan,16.53,Heather Owen,Ashley Brown,325-90-3289,2024-11-19,673.68
158,2024-06-03,289.96,Desparasitação,130.31,Michelle,20.42,Bradley Johnston,Kevin Walker,874-31-1681,2024-11-09,385.45
159,2024-06-09,311.38,Aparação de Bico,259.01,Kristi,46.16,Katherine Coleman,Matthew Padilla,282-38-6742,2024-11-02,450.67
160,2024-01-30,186.68,Diária com Recreação,132.04,Tony,41.51,Michelle Dickson,Jason Rivera,402-04-3940,2024-11-18,463.1
161,2024-06-30,213.36,Tosa Completa,89.02,Kelly,15.83,Kevin Guerrero,Ashley Jones,355-42-4698,2024-11-11,478.81
162,2024-01-23,193.05,Aplicação de Vacinas,140.17,Ann,39.51,Sylvia Gill,Amy Quinn,225-78-1737,2024-11-04,689.46
163,2024-03-06,392.67,Tosa Completa,159.04,Kimberly,21.85,Amber Austin,Tracy Watkins,481-02-6542,2024-11-14,666.85
164,2024-03-09,311.64,Corte de Unhas,96.72,Amy,16.15,Christine Chandler,Zachary Love,871-83-6067,2024-11-01,378.58
165,2024-10-07,397.0,Desparasitação,47.6,Beverly,16.61,Lynn Richardson,Lisa Evans,109-35-3053,2024-11-02,119.28
166,2024-03-26,338.37,Venda de Produtos da Loja,88.21,Kevin,21.08,Joanne Jackson,Billy Kim,521-70-3742,2024-11-23,581.86
167,2024-09-15,52.61,Venda de Produtos da Loja,37.61,Nathan,21.8,Katherine Medina,Samantha Rice,509-72-2253,2024-11-16,651.85
168,2024-05-19,136.9,Consulta Geral,235.39,Kathleen,42.43,Cynthia Morgan,Daniel Gonzalez,278-92-7487,2024-11-21,394.64
169,2024-06-06,173.83,Banho Com Shampoo Antipulgas,64.53,Dean,22.46,Julie Beasley,Danielle Case,436-64-5525,2024-11-14,597.42
170,2024-08-13,469.32,Diária com Recreação,63.51,Denise,15.78,Michael Adams,Angela Lopez,104-40-0503,2024-11-18,428.77
171,2024-11-22,155.82,Transporte para Banho e Tosa,153.54,Christopher,42.65,Taylor Morgan,Taylor Roth,888-13-2895,2024-11-12,87.77
172,2024-02-09,462.86,Aparação de Asas,190.44,Andrew,7.05,Mrs. Natalie Welch,Mary Stuart,104-54-1818,2024-11-03,189.0
173,2024-10-07,226.25,Banho,222.3,Crystal,34.07,Thomas Boyd,Samantha Leblanc,379-80-5797,2024-11-16,93.58
174,2024-06-06,492.03,Diária com Recreação,243.83,Angela,29.21,Jerry Ross,Rebecca Garcia,412-19-3019,2024-11-09,139.15
175,2024-07-19,468.69,Corte de Unhas,221.25,Christina,44.5,Cathy Mitchell,Gary Harris,089-13-2976,2024-11-03,80.27
176,2024-09-22,71.14,Banho,202.73,Michael,41.61,Jay Webster,Matthew Cannon,486-95-1138,2024-11-16,338.31
177,2024-10-06,239.91,Corte de Unhas,97.67,Julia,44.96,Sean Bailey,Amanda Miller,486-84-2525,2024-11-03,447.08
178,2024-01-05,82.6,Consulta Geral,247.57,Clayton,14.51,Louis Schneider,Steve Perkins,461-85-5013,2024-11-21,108.0
179,2024-02-01,324.83,Microchipagem,113.22,Debbie,46.74,John Brown,Austin Medina,795-06-6766,2024-11-13,493.32
180,2024-07-24,143.38,Tosa Completa,23.98,Ryan,20.0,Thomas Silva,Cynthia Davis,480-74-3493,2024-11-21,521.93
181,2024-05-13,282.41,Consulta Geral,164.11,Angelica,12.04,Joseph Jacobs,Tanya Rodriguez,394-84-0952,2024-11-12,695.91
182,2024-07-13,434.41,Venda de Produtos da Loja,48.61,Ashley,40.78,Kevin Moss,Roberto Murillo,506-66-2674,2024-11-05,547.91
183,2024-01-06,371.81,Aparação de Bico,48.12,Scott,49.7,Jenna Pierce,Barbara King,793-78-6626,2024-11-07,132.46
184,2024-01-25,350.01,Diária com Recreação,124.99,Elizabeth,41.31,Kristina Morales,Michelle Logan,691-62-4386,2024-11-06,636.28
185,2024-08-20,188.84,Tosa Completa,234.98,Selena,42.5,Deborah Howell,Edward Walter,128-48-1698,2024-11-12,605.39
186,2024-07-22,490.39,Transporte para Consultas,126.95,Elizabeth,40.52,Rebekah Roy,Kimberly Everett,309-61-0962,2024-11-18,661.71
187,2024-02-22,347.21,Venda de Produtos da Loja,123.97,Amy,24.96,Jeremy Padilla,Richard Benitez,860-98-2371,2024-11-09,106.38
188,2024-02-04,158.34,Exame de Sangue,133.52,Madeline,46.95,John Jones,Matthew Riley,624-72-2503,2024-11-04,116.98
189,2024-11-20,472.71,Diária com Recreação,200.4,Susan,33.0,Ana Davis MD,Jill Wilson,247-50-2096,2024-11-05,71.75
190,2024-02-26,283.08,Diária com Recreação,297.68,Alexandra,22.73,Joseph Whitney,Carolyn Jordan,443-60-8230,2024-11-08,357.36
191,2024-08-06,436.17,Banho Com Shampoo Antipulgas,96.53,Amanda,13.48,Christina Smith,Margaret Miller,583-79-6230,2024-11-21,91.92
192,2024-03-17,474.05,Venda de Produtos da Loja,267.15,Tonya,28.73,Sandra Bryant,Samantha Lee,775-35-5905,2024-11-08,257.82
193,2024-01-18,79.66,Desparasitação,270.58,Elizabeth,38.66,Megan Rose,Emily Perry,757-77-9880,2024-11-21,491.91
194,2024-08-22,453.04,Aplicação de Vacinas,247.18,Brittany,18.64,Kimberly Nguyen,Lindsey Lee,783-39-5568,2024-11-06,130.56
195,2024-03-28,258.18,Corte de Dentes,231.01,Mark,30.9,Morgan Walter,Darrell Salas,785-41-9588,2024-11-11,507.49
196,2024-05-26,140.69,Diária Básica,20.94,Riley,15.06,Steven Martin,Christopher Garcia,169-64-4274,2024-11-04,388.29
197,2024-07-26,429.49,Transporte para Banho e Tosa,218.02,Tyler,23.9,Karen Lloyd,Lindsay Sandoval,592-23-5490,2024-11-10,645.47
198,2024-05-11,192.31,Venda de Produtos da Loja,132.55,Manuel,43.03,Ronald Ortiz,Stacey Dudley,152-73-7401,2024-11-02,283.39
199,2024-04-17,200.55,Diária Básica,182.45,Steven,8.31,Cody Oliver,William Vance,779-23-9269,2024-11-05,329.68
200,2024-01-15,263.91,Consulta Geral,42.92,Shannon,43.95,Justin Foster,Sean Smith,607-08-7500,2024-11-14,209.64
201,2024-08-20,114.31,Consulta Geral,197.31,Sean,20.85,Holly Bowers,Miguel Hernandez,499-56-0037,2024-11-03,510.79
202,2024-02-12,345.69,Desparasitação,265.41,Cynthia,16.65,Caroline Reynolds,Rachel Anderson,653-84-5079,2024-11-24,188.84
203,2024-04-06,102.57,Venda de Produtos da Loja,260.17,Danny,26.84,Marissa Ortega,Dr. Robert Gutierrez,134-39-0421,2024-11-21,418.97
204,2024-11-18,262.31,Exame Parasitológico de Aves,60.98,Michael,21.27,Christopher Garrison,Kristen Morton,588-21-6721,2024-11-09,322.78
205,2024-07-28,120.91,Banho,227.36,Brian,16.21,Jason Mora,Jasmin Daniels,524-69-6142,2024-11-08,624.39
206,2024-04-10,385.32,Diária Básica,136.29,Joseph,26.66,Crystal Mayer,Erica Chan,769-67-7694,2024-11-05,691.79
207,2024-05-22,109.49,Aparação de Bico,236.43,Troy,24.94,Holly Brown,Richard Pittman,150-73-9971,2024-11-17,684.17
208,2024-03-24,488.54,Aparação de Asas,286.27,Alexander,33.4,William Short PhD,Micheal Martinez,430-26-7213,2024-11-08,239.55
209,2024-05-10,242.5,Aparação de Bico,192.35,Gary,28.99,Regina Lopez,William Gutierrez,077-16-1967,2024-11-19,87.84
210,2024-03-17,226.89,Consulta Geral,93.55,Michelle,25.49,Leslie Whitehead,Lauren Jones,564-74-6725,2024-11-16,378.07
211,2024-06-01,118.67,Corte de Dentes,80.75,Michele,19.92,Joseph Rodgers,Bruce Ortega,683-42-4740,2024-11-12,694.98
212,2024-09-18,113.83,Banho,74.66,Matthew,10.8,Vincent Burns,Michael Ball,234-82-4114,2024-11-14,414.02
213,2024-04-22,493.48,Transporte para Consultas,22.79,Renee,21.25,Heather Zavala,Michael Bryan,427-12-1560,2024-11-15,453.13
214,2024-11-05,330.61,Venda de Produtos da Loja,236.46,David,25.64,Randy Alvarez,John Hansen,041-63-0256,2024-11-22,522.53
215,2024-02-06,245.5,Venda de Produtos da Loja,115.21,Melanie,30.06,George Flores,Gary Lopez,659-33-6670,2024-11-16,663.28
216,2024-08-02,406.11,Tosa Completa,97.74,Anthony,37.58,Michael Collins,Andrea Randall,194-54-9437,2024-11-07,655.06
217,2024-09-25,140.77,Exame Parasitológico de Aves,238.98,Sheena,38.25,Joe Jackson,Gabriel Snyder,507-23-5654,2024-11-11,342.24
218,2024-01-04,162.95,Consulta Geral,101.34,Tina,41.22,Joseph Sawyer,Stephanie Gibbs,238-88-9040,2024-11-02,651.18
219,2024-05-07,139.6,Corte de Dentes,247.94,William,42.95,Randy Carson,Thomas Washington,789-52-8643,2024-11-16,408.5
220,2024-04-02,492.51,Diária Básica,76.91,Jennifer,25.06,Gregory Jones,Kathryn Martin,318-67-4893,2024-11-19,533.32
221,2024-07-12,244.74,Venda de Produtos da Loja,210.59,Melissa,19.86,Andrew Martinez,Rachel Medina,002-21-2996,2024-11-02,684.03
222,2024-10-06,165.66,Exame Parasitológico de Aves,28.4,Bryan,24.12,Lauren Olson,Angela Bishop,368-57-9000,2024-11-24,395.63
223,2024-02-15,172.21,Diária Básica,34.62,Kathy,18.74,Heather Hodges,Lisa Bradley,131-43-9469,2024-11-20,99.38
224,2024-01-04,379.57,Transporte para Consultas,257.53,David,8.15,Gerald Robertson,Dwayne Cunningham,423-09-5117,2024-11-06,574.04
225,2024-02-09,448.09,Banho,163.1,Nathan,28.78,Justin Moran,Michael Hall,410-50-8106,2024-11-23,647.95
226,2024-03-02,275.49,Tosa Completa,161.13,John,36.89,Amy Lopez,Kyle Adams,255-64-8790,2024-11-10,448.59
227,2024-07-29,310.16,Diária Básica,191.16,Kenneth,29.75,Matthew Watts,Amber Jacobs,432-79-4772,2024-11-01,124.77
228,2024-06-26,110.23,Consulta Veterinária de Emergência,165.55,Tanya,10.75,Cynthia Carr,Christian Mills,633-71-1325,2024-11-08,227.05
229,2024-04-09,65.72,Banho,113.04,Ashley,18.08,Robert Meyer,Sandra Jimenez,077-68-3975,2024-11-09,291.58
230,2024-01-03,490.46,Diária com Recreação,105.13,Natalie,5.35,Abigail Benson,Kristi Cox,549-15-6656,2024-11-11,631.4
231,2024-07-17,263.38,Consulta Veterinária de Emergência,50.16,Elizabeth,28.26,Stefanie Washington,Daniel Murray,894-43-8754,2024-11-09,259.68
232,2024-11-09,421.11,Diária Básica,94.85,Andre,41.82,Jesse Howe,Judy Buckley,445-54-2883,2024-11-22,261.38
233,2024-06-29,204.45,Venda de Produtos da Loja,90.15,Thomas,16.83,Kyle Ryan,Nicole Walker,558-11-7496,2024-11-07,99.74
234,2024-06-30,364.84,Venda de Produtos da Loja,148.49,Mary,47.76,Kevin Thompson,Antonio Robbins,548-91-4643,2024-11-14,418.89
235,2024-08-28,390.78,Microchipagem,65.48,Michael,14.77,Michelle Reyes MD,Lindsay Bartlett,579-70-3063,2024-11-05,412.73
236,2024-03-17,77.19,Microchipagem,150.07,Jennifer,43.33,Tracy Harrington,Katherine Rice,876-45-9419,2024-11-16,409.31
237,2024-08-22,103.16,Transporte para Consultas,176.42,Adrian,23.94,Gregory Silva MD,Cheryl Wilson,573-11-8501,2024-11-08,564.63
238,2024-09-20,192.52,Exame Parasitológico de Aves,149.64,Debra,27.78,Jessica Brewer,Angela Lewis,750-90-5536,2024-11-09,208.16
239,2024-08-14,303.79,Diária Básica,217.16,Sophia,42.97,Nicholas Newman,Jerome Black,474-60-4146,2024-11-01,618.78
240,2024-09-19,424.3,Aparação de Asas,166.83,Julie,17.13,Jocelyn Mccarty,Courtney Robbins,825-52-6667,2024-11-16,365.19
241,2024-02-16,341.54,Desparasitação,146.85,Sarah,34.73,Jennifer Henry,John Walker,745-02-5254,2024-11-19,448.89
242,2024-03-11,356.75,Desparasitação,146.34,Richard,39.31,Joanna Chan,Sarah Lopez,346-23-3866,2024-11-16,385.54
243,2024-09-09,257.92,Corte de Dentes,180.64,Laura,46.3,Joseph Rosario,Tabitha Liu,423-48-4024,2024-11-09,157.62
244,2024-06-27,160.66,Exame Parasitológico de Aves,59.95,Mark,39.91,Michael Guerra,Michael Jones,180-85-3436,2024-11-15,271.77
245,2024-04-23,434.69,Aparação de Bico,127.04,Paul,41.93,Kyle Olson,Mandy Brooks,892-90-9679,2024-11-12,443.66
246,2024-07-27,80.4,Banho,265.04,Lisa,28.66,Trevor Castro,Jessica Hall,408-11-6783,2024-11-15,481.91
247,2024-05-14,326.51,Corte de Unhas,230.34,Ashley,23.29,Joshua Benson,Ann Kirby,842-40-7854,2024-11-08,232.76
248,2024-02-06,463.93,Consulta Geral,179.08,Kent,17.91,Patricia Vargas,Aaron Lucas,856-53-8782,2024-11-08,173.94
249,2024-09-08,167.89,Microchipagem,68.7,Tina,30.23,Steven Davis,James Lawson,622-07-7073,2024-11-01,325.87
250,2024-08-04,76.14,Aparação de Asas,178.51,Shirley,17.92,Connie Kirby,Amber Choi,001-21-3947,2024-11-19,344.01
251,2024-01-10,204.83,Consulta Geral,274.87,Kevin,33.58,William Nolan,Joanna Pierce,538-20-8974,2024-11-11,309.06
252,2024-06-18,188.46,Exame Parasitológico de Aves,32.26,Rebecca,42.53,Courtney Moreno,Edward Williams,056-48-8993,2024-11-05,565.43
253,2024-08-02,427.77,Consulta Geral,30.38,Joshua,43.99,Amanda King,Jeffrey Flores,716-41-7509,2024-11-10,668.57
254,2024-11-21,251.38,Exame Parasitológico de Aves,253.3,Ryan,16.5,Jennifer Villegas,Daniel Curry,242-01-6646,2024-11-01,460.21
255,2024-10-06,309.76,Consulta Geral,298.3,Nathan,22.33,Tasha Davis,Mike Freeman,449-14-2483,2024-11-23,289.48
256,2024-03-27,201.88,Venda de Produtos da Loja,155.1,Michael,13.68,Joe Black,Rhonda Stanley,420-94-9563,2024-11-24,110.78
257,2024-06-12,218.07,Aplicação de Vacinas,290.8,Gary,42.22,Dr. Cindy Lewis,Kimberly Walker,583-32-9441,2024-11-08,113.67
258,2024-11-23,153.75,Microchipagem,99.47,Ross,47.15,John Schultz,Pamela Oliver,285-67-2456,2024-11-22,681.62
259,2024-01-07,386.97,Tosa Higiênica,140.77,Steven,49.46,Michael Dominguez,Christina Ramirez,553-11-1634,2024-11-12,439.01
260,2024-01-18,78.42,Venda de Produtos da Loja,80.3,Francisco,41.19,Samuel Cruz,Patricia Hodges,300-89-3363,2024-11-19,455.4
261,2024-01-16,403.12,Aparação de Bico,154.87,Margaret,28.83,Mark Greene,Christopher Frey,027-79-0164,2024-11-19,104.88
262,2024-09-03,391.96,Consulta Geral,177.58,Ronald,30.72,Patrick Sampson,Shawn Berger,327-07-9029,2024-11-24,356.01
263,2024-01-09,298.39,Banho,100.25,Amanda,11.81,Brianna Morales,Robert Garcia,872-07-8638,2024-11-13,531.78
264,2024-07-20,175.22,Tosa Higiênica,113.63,Matthew,39.68,Rebecca Evans,Peter Jones,708-02-9189,2024-11-16,334.62
265,2024-06-02,482.95,Tosa Completa,171.23,Eric,25.8,Ricardo King,Phyllis Wells,586-11-5457,2024-11-21,429.05
266,2024-10-01,489.24,Tosa Higiênica,274.65,Rhonda,8.99,Kaitlyn Leon,William Campbell,813-62-5035,2024-11-08,260.34
267,2024-06-29,497.24,Banho Com Shampoo Antipulgas,278.12,Emily,26.49,Lee Cruz,Katrina Bullock,035-53-6296,2024-11-17,450.89
268,2024-04-14,471.12,Consulta Geral,39.33,Michael,33.43,Cheryl Riley,Sean Phillips,456-14-2675,2024-11-11,430.55
269,2024-01-28,478.14,Diária Básica,103.02,Lorraine,15.64,Leslie Perry,Amanda Riley,554-20-3769,2024-11-19,482.36
270,2024-07-27,293.0,Desparasitação,185.09,Wendy,7.8,Justin Williams,Stephanie Garza,567-84-4466,2024-11-10,484.08
271,2024-01-21,332.7,Consulta Veterinária de Emergência,130.59,David,35.7,Taylor Rogers,Nicholas Dillon,704-20-8370,2024-11-11,275.33
272,2024-08-28,412.11,Desparasitação,78.7,Albert,32.54,Aaron Martinez,Amanda Christensen,179-67-7581,2024-11-22,161.44
273,2024-04-07,396.7,Aparação de Asas,38.44,Megan,10.79,Kaitlyn Castillo,David Hall,712-70-7859,2024-11-16,660.95
274,2024-01-23,87.85,Banho,241.0,Phyllis,19.2,John Rodriguez,Jacqueline Torres,136-81-2636,2024-11-24,151.86
275,2024-05-29,248.29,Exame de Sangue,198.64,Gerald,17.31,Tina Mcdonald,Pamela Lopez,186-48-3291,2024-11-09,331.47
276,2024-04-27,336.9,Consulta Geral,145.05,Teresa,36.18,Jennifer Shields,Hunter Shaw,130-33-9444,2024-11-16,169.8
277,2024-04-22,99.56,Transporte para Banho e Tosa,97.71,Joshua,42.81,Linda Ryan,Frank Perry,143-12-3845,2024-11-08,368.98
278,2024-04-15,130.46,Consulta Veterinária de Emergência,215.44,Martin,42.94,Victoria Trujillo,William Cox,164-65-2035,2024-11-12,149.15
279,2024-04-30,296.23,Venda de Produtos da Loja,131.39,Brandon,35.21,Jordan Carter,Kevin Martin,157-63-5594,2024-11-09,655.07
280,2024-05-11,240.67,Consulta Geral,268.62,Grace,39.93,Miranda Sanders,Sheri Calderon,790-21-5434,2024-11-15,495.48
281,2024-10-02,76.21,Aparação de Bico,109.65,Mark,24.77,Linda Humphrey,Jonathan Gaines,116-45-9794,2024-11-19,78.77
282,2024-09-23,410.98,Aplicação de Vacinas,20.57,William,12.81,Renee Kelly DDS,Heather Eaton,697-93-0733,2024-11-22,429.31
283,2024-02-08,143.86,Transporte para Consultas,144.02,Stephanie,37.38,Brandi Ewing,Jerry Dixon,591-75-3282,2024-11-22,536.44
284,2024-05-18,368.65,Tosa Higiênica,136.33,Jeffrey,39.46,Bobby Beck,Michael Schneider,520-53-1400,2024-11-20,477.89
285,2024-03-07,444.07,Transporte para Consultas,152.27,Robin,20.07,Chelsea Hansen,Alexander Briggs,265-86-5617,2024-11-17,344.33
286,2024-08-10,199.12,Diária com Recreação,21.35,Daniel,42.85,Amy Whitaker,Tara Butler,080-54-1842,2024-11-11,587.7
287,2024-09-28,187.5,Consulta Veterinária de Emergência,71.19,Alexander,28.18,Brandon Clark,Joshua Singleton,144-62-8224,2024-11-24,639.82
288,2024-03-13,487.1,Diária com Recreação,285.16,Randy,21.84,Olivia Jennings,James Richards,043-10-0698,2024-11-08,455.08
289,2024-11-23,482.38,Banho,53.98,Tammy,39.11,Monique Krueger,Edward Wilson,775-01-6668,2024-11-15,589.19
290,2024-05-01,155.41,Aparação de Bico,20.63,Jennifer,36.96,David Parrish,Nicholas Garcia,396-67-1354,2024-11-02,241.08
291,2024-04-17,154.2,Aplicação de Vacinas,275.67,Mark,11.32,Travis Ryan,Cheryl Norton,172-34-1582,2024-11-18,668.15
292,2024-07-19,61.88,Banho,197.45,Michael,34.46,Gary Warner,Harold Griffith,183-16-5497,2024-11-21,76.25
293,2024-01-26,75.56,Tosa Completa,207.02,Stephen,22.15,Juan Castillo,Nicole Jones,777-71-9244,2024-11-18,155.15
294,2024-05-26,272.67,Aparação de Asas,192.07,Javier,26.96,Jessica Lutz,Matthew Watson,144-61-1396,2024-11-05,478.68
295,2024-04-15,338.48,Banho Com Shampoo Antipulgas,227.85,Stephen,15.27,Jason Jones,Randy Fernandez,859-88-2223,2024-11-05,331.42
296,2024-01-17,138.99,Venda de Produtos da Loja,230.83,Duane,8.01,Jonathan Singleton,Steven Nelson,229-07-9231,2024-11-21,226.78
297,2024-03-13,122.41,Consulta Veterinária de Emergência,295.86,Andre,17.71,Ryan Patel,Anthony Brown,560-68-5195,2024-11-24,509.49
298,2024-04-23,433.04,Banho,240.38,Leah,33.48,Mr. Michael Campbell,Aaron Cherry,575-96-6008,2024-11-23,687.36
299,2024-10-26,204.23,Consulta Geral,141.1,Martha,21.31,Jessica Weaver,Kimberly Burgess,122-56-0974,2024-11-01,527.51
300,2024-11-11,218.56,Consulta Geral,175.18,Cameron,10.84,Amy Roy,Wendy Cooper,102-87-8029,2024-11-07,258.12
301,2024-10-17,414.25,Transporte para Consultas,153.45,Tyler,9.22,George Barrett,Brandon Castillo,402-18-7147,2024-11-02,501.99
302,2024-10-26,91.3,Transporte para Consultas,38.86,Dominic,27.64,Hannah Lopez,Michael Johnson,479-01-8060,2024-11-12,345.17
303,2024-05-23,168.45,Tosa Completa,95.2,Jesus,18.5,Tom Gibbs,Elijah Floyd,401-11-9833,2024-11-17,440.12
304,2024-06-14,362.95,Aparação de Asas,179.39,Phillip,31.53,Michael Johnson,Edward Perez,826-36-3370,2024-11-14,583.75
305,2024-04-23,127.59,Aplicação de Vacinas,198.01,Edward,25.35,Jesse Mccarthy,Jordan Hawkins,469-21-0224,2024-11-23,106.84
306,2024-04-04,160.53,Banho,231.53,Nancy,9.07,Amy Willis,Christopher Salas,879-94-8533,2024-11-21,626.6
307,2024-04-24,328.61,Banho Com Shampoo Antipulgas,283.06,Logan,23.7,Megan Young,Lisa Alexander,331-89-2959,2024-11-10,524.49
308,2024-11-06,87.14,Exame de Sangue,212.87,Andrew,46.83,Sarah Walton,Paul Harrison,878-32-7307,2024-11-05,484.29
309,2024-02-08,210.44,Corte de Dentes,200.18,Robert,49.73,Russell Joseph,Laura King,837-84-2522,2024-11-20,270.88
310,2024-11-17,165.01,Exame Parasitológico de Aves,107.72,Robert,29.77,Justin Cochran,Paul Travis,050-06-2517,2024-11-01,109.61
311,2024-09-04,272.46,Aparação de Bico,45.24,Denise,6.35,Carla Moore,Donald Davis,814-08-1630,2024-11-18,189.97
312,2024-01-04,415.12,Diária com Recreação,291.68,Teresa,30.97,Regina Jones,Mr. Benjamin Roberts,215-89-2858,2024-11-24,619.0
313,2024-01-13,95.0,Tosa Completa,245.78,Sabrina,42.16,Sharon Newton,Brittany Torres,749-90-0313,2024-11-12,258.16
314,2024-09-27,82.93,Consulta Geral,237.74,Carrie,11.19,Mr. Lawrence Thornton,Brenda Sims,108-18-3130,2024-11-01,532.43
315,2024-03-26,394.45,Exame de Sangue,263.18,Andrew,11.69,Michael Reed,Zachary Jennings,319-39-1861,2024-11-18,81.73
316,2024-09-07,329.81,Microchipagem,282.8,Jessica,34.21,Jennifer Keller,Ashley Walker,632-30-3744,2024-11-05,488.5
317,2024-10-20,238.77,Transporte para Banho e Tosa,139.69,Nicholas,24.02,Meghan Shaw,Ariel Hill,443-09-7377,2024-11-06,133.36
318,2024-02-09,227.45,Venda de Produtos da Loja,287.32,Alfred,22.12,Peter Green,Kristin Baker,414-83-2965,2024-11-16,632.17
319,2024-03-06,214.96,Venda de Produtos da Loja,137.16,Angela,18.62,John Garcia,Anna Sims,809-89-3670,2024-11-01,379.19
320,2024-03-04,50.78,Tosa Higiênica,275.57,Ana,12.8,Bianca Gallagher,Anthony Hunt,746-37-8767,2024-11-10,447.58
321,2024-08-18,408.48,Venda de Produtos da Loja,124.78,Zachary,32.92,Lisa Wilcox,Nicole King,836-53-8166,2024-11-06,70.35
322,2024-02-06,301.1,Corte de Unhas,275.86,Gwendolyn,33.54,Toni Bauer,Sarah Sandoval,146-11-7905,2024-11-02,676.08
323,2024-02-01,173.21,Aparação de Asas,254.41,Rose,25.46,Crystal Stephens,Kayla Berry,103-58-6391,2024-11-03,220.93
324,2024-07-07,63.01,Venda de Produtos da Loja,184.88,Tina,9.76,Jeremy Bradley,Michael Higgins,330-32-1185,2024-11-05,72.92
325,2024-09-16,155.78,Aparação de Asas,214.57,Darren,15.57,Gary Jackson,Tammy Williams,539-70-6733,2024-11-22,395.97
326,2024-04-11,206.96,Consulta Geral,234.3,Colton,47.8,Sherry Hernandez,Pamela Arnold,789-29-7781,2024-11-11,424.61
327,2024-11-06,361.25,Venda de Produtos da Loja,146.28,Jose,35.56,Amanda Simmons,Sarah Taylor,641-17-3381,2024-11-07,208.01
328,2024-04-10,252.88,Exame Parasitológico de Aves,125.93,Charles,36.1,Alyssa Villanueva,Yolanda Jones,379-86-4015,2024-11-03,434.74
329,2024-09-02,377.46,Transporte para Banho e Tosa,270.6,Carlos,42.35,Ethan Miller,Sheena Cobb,552-57-0099,2024-11-23,523.26
330,2024-10-12,439.74,Corte de Dentes,221.31,Amanda,35.4,John Houston,Tracy Gross,864-91-1045,2024-11-13,473.68
331,2024-10-08,300.01,Consulta Geral,130.71,Krista,49.07,Bobby Castro,Aaron Brown,294-82-7843,2024-11-24,322.73
332,2024-04-30,363.66,Diária Básica,248.2,Dorothy,33.59,Lauren Woods,David Mays,209-75-8919,2024-11-21,660.32
333,2024-01-28,488.25,Aplicação de Vacinas,113.46,Barbara,43.22,Erin Jones,Richard Anderson,702-19-1122,2024-11-06,615.68
334,2024-04-20,109.49,Aplicação de Vacinas,278.16,Brian,34.19,Martha Barber,Daniel Vargas,705-44-4857,2024-11-20,269.68
335,2024-10-05,429.46,Aparação de Asas,102.36,Patrick,46.91,Madison Smith,Melissa House,881-76-7691,2024-11-21,71.18
336,2024-06-21,478.56,Diária com Recreação,186.18,Jeffrey,40.88,David Smith,Donald Carroll,287-91-0722,2024-11-23,157.44
337,2024-05-10,218.52,Tosa Completa,193.65,Meghan,30.64,Jennifer Smith,Kimberly Hall,467-73-4317,2024-11-07,384.28
338,2024-07-29,344.48,Banho Com Shampoo Antipulgas,279.29,Gregory,47.92,Tiffany Miller,Megan Brown,248-16-9242,2024-11-21,226.28
339,2024-10-17,265.18,Consulta Veterinária de Emergência,59.09,Colleen,13.23,Christopher Ruiz,Kristen Sheppard,640-60-8967,2024-11-10,316.6
340,2024-10-26,124.07,Corte de Dentes,224.87,Kelly,32.8,Ricky Prince,Derek Brown,869-51-8655,2024-11-24,93.19
341,2024-07-01,474.67,Aparação de Asas,81.9,Monica,29.38,Samantha Chung,Paul Jackson,248-56-1033,2024-11-13,386.56
342,2024-01-10,398.46,Diária Básica,208.27,Jared,45.52,Sharon Smith,Jennifer Mccarty,545-65-4647,2024-11-21,607.02
343,2024-06-19,205.07,Transporte para Banho e Tosa,231.71,Todd,31.95,Troy Olson,Martha Ramirez,265-92-9094,2024-11-14,236.77
344,2024-06-11,215.4,Aplicação de Vacinas,160.39,Taylor,10.34,Kelli Owens,David Moore,879-92-5169,2024-11-16,454.47
345,2024-09-07,363.78,Desparasitação,54.87,Gary,5.98,Travis Howell,Gregory Brown,677-59-8978,2024-11-22,197.75
346,2024-06-14,53.15,Diária Básica,186.49,Rebecca,15.53,April Taylor,Benjamin Harper,419-32-8450,2024-11-12,150.11
347,2024-11-04,173.71,Corte de Unhas,165.37,Teresa,43.3,Jessica Stokes,Kevin Fisher,524-43-4036,2024-11-01,422.88
348,2024-07-12,268.07,Venda de Produtos da Loja,223.8,Lisa,18.13,Linda Gaines,Carolyn Stone,394-44-9988,2024-11-10,443.93
349,2024-05-18,183.96,Aparação de Bico,97.29,Kristine,15.09,Stephanie Campbell,Jeffery Lewis,600-42-1324,2024-11-14,548.4
350,2024-10-03,56.01,Aplicação de Vacinas,46.58,Thomas,37.15,James Powers,Lauren Mcknight,479-74-5025,2024-11-02,286.85
351,2024-10-26,170.88,Transporte para Consultas,62.7,Melinda,40.78,Eric Scott Jr.,Glenn Wood,576-64-2699,2024-11-23,142.48
352,2024-02-12,206.72,Aparação de Bico,79.03,Benjamin,30.34,Mary Cardenas,Marissa Flores,350-21-9422,2024-11-06,289.19
353,2024-09-21,498.94,Aparação de Asas,266.0,Ashley,19.14,John Harvey,Diana Branch,149-08-9126,2024-11-21,482.62
354,2024-01-21,216.61,Tosa Completa,255.82,Heather,30.51,Amanda Johnson,Jennifer Smith,379-16-0423,2024-11-07,433.46
355,2024-04-06,90.45,Aparação de Bico,58.03,Jacqueline,35.6,Brian Baird,Tristan Smith,775-02-6901,2024-11-16,277.74
356,2024-04-10,155.43,Banho,162.31,Penny,30.09,Manuel Mccoy,Katelyn Salazar,626-65-9205,2024-11-12,133.66
357,2024-04-18,71.72,Aplicação de Vacinas,77.08,Sara,7.73,Eugene Collins,Stacey Hughes,237-79-9770,2024-11-07,266.36
358,2024-09-17,317.98,Aparação de Bico,37.71,Steven,43.58,Sarah Floyd,Bonnie Ochoa,255-27-3087,2024-11-10,117.54
359,2024-02-21,303.96,Desparasitação,22.94,April,47.45,Allen Lewis,Heather Roman,632-59-0893,2024-11-01,219.26
360,2024-09-25,118.33,Diária Básica,258.79,Blake,21.77,Jeremy Shelton,Brent Waters,395-14-0735,2024-11-05,348.32
361,2024-08-30,207.03,Transporte para Banho e Tosa,251.31,Sarah,6.52,Peter Mckinney,Carlos Nelson,700-87-7422,2024-11-07,339.64
362,2024-09-13,407.75,Venda de Produtos da Loja,258.5,Sheila,29.4,Logan Newton,Katherine Small,538-03-4213,2024-11-15,696.83
363,2024-02-16,283.41,Transporte para Consultas,204.49,Natasha,43.0,Bryan Thomas Jr.,Robert Knox,231-11-8221,2024-11-09,450.37
364,2024-01-07,276.23,Corte de Unhas,166.43,Robert,5.88,Carmen Johnson,David Howard,897-09-9100,2024-11-05,266.4
365,2024-08-29,129.87,Exame Parasitológico de Aves,231.12,David,44.97,Christopher Bush,Melissa Perkins,509-52-4460,2024-11-02,139.09
366,2024-05-28,300.58,Banho Com Shampoo Antipulgas,143.81,Micheal,25.5,Russell Ibarra,Bradley Johnson,258-05-2612,2024-11-01,207.05
367,2024-04-06,451.75,Transporte para Consultas,48.46,Sarah,31.44,James Smith,Randy Ward,014-42-7222,2024-11-10,360.11
368,2024-01-21,459.28,Aparação de Bico,198.25,Lori,46.67,David Fritz MD,Marie Bradley,489-66-2251,2024-11-01,386.82
369,2024-06-02,251.62,Banho,53.39,Emily,13.88,Terri Carter,Christopher Garrison,736-82-7416,2024-11-12,469.61
370,2024-03-10,217.23,Venda de Produtos da Loja,134.45,Nicholas,27.29,Hannah Martin,Virginia Peck,646-25-7237,2024-11-08,96.13
371,2024-01-19,433.68,Transporte para Consultas,68.95,Lorraine,20.73,Jason Jordan,Miranda Reynolds,069-17-4018,2024-11-14,551.35
372,2024-04-12,421.86,Venda de Produtos da Loja,184.67,Alexandra,17.61,Angela Carroll,Kristen Davis,850-25-3623,2024-11-23,71.29
373,2024-09-08,116.24,Exame Parasitológico de Aves,123.99,Robert,18.95,Karen Freeman,Marco David,626-62-0313,2024-11-17,695.7
374,2024-11-18,229.27,Consulta Geral,164.96,Carmen,31.77,Russell Schmidt,Gary Cobb,124-80-2026,2024-11-09,604.8
375,2024-05-03,265.32,Consulta Geral,107.25,Debra,35.66,Matthew Powers,Carolyn Hart,476-54-2480,2024-11-22,495.82
376,2024-05-22,307.01,Exame Parasitológico de Aves,179.9,Mike,10.42,John Dean,Robert Cooper,383-51-1451,2024-11-13,184.71
377,2024-02-08,87.38,Exame de Sangue,173.4,Ethan,27.64,Meghan Bennett,Kellie Gonzales,620-88-7489,2024-11-04,388.99
378,2024-08-01,434.83,Consulta Geral,102.88,Ashley,16.25,Dr. Stephanie Lang DVM,Kimberly Martinez,156-28-5540,2024-11-05,596.65
379,2024-01-22,286.11,Exame de Sangue,273.75,Steven,48.49,Frank Miller,Sara Garcia,336-10-0133,2024-11-23,500.28
380,2024-04-13,76.15,Transporte para Banho e Tosa,66.48,Denise,15.63,Robert Bradley,Adriana Jones,589-28-2932,2024-11-20,253.66
381,2024-08-20,274.79,Tosa Higiênica,158.76,Andrew,23.99,Kirsten Glenn,Brandon Mann,099-87-9918,2024-11-23,193.55
382,2024-07-23,175.91,Venda de Produtos da Loja,70.99,Marissa,35.48,Robert Patel,Heather Cisneros,871-99-4942,2024-11-09,247.93
383,2024-10-15,456.14,Corte de Unhas,91.33,Tina,19.22,Melissa Mcknight,Donna Ortiz,574-89-5749,2024-11-17,334.17
384,2024-10-26,404.91,Venda de Produtos da Loja,181.68,Debra,15.97,Christopher Miller,Zachary Marshall,104-04-1666,2024-11-01,269.7
385,2024-06-26,247.49,Aparação de Bico,111.1,Kyle,25.51,Kaitlyn Mendez,Samuel Patel,377-83-1462,2024-11-14,472.69
386,2024-01-05,334.29,Venda de Produtos da Loja,255.0,Tamara,7.06,Theresa Rowe,Megan Weber,653-75-5100,2024-11-24,451.47
387,2024-10-25,335.32,Aparação de Bico,32.55,Joseph,27.79,Sarah Noble,Jared Rivera PhD,669-99-8551,2024-11-11,311.87
388,2024-04-15,267.77,Banho Com Shampoo Antipulgas,220.08,Daniel,39.98,Joshua Moore,Gregory Webb DVM,338-99-0188,2024-11-24,158.15
389,2024-04-09,232.66,Diária Básica,80.58,Thomas,10.13,Barbara Hall,Stephen Woods,828-09-0233,2024-11-20,503.34
390,2024-04-21,106.33,Corte de Unhas,219.66,Jeffrey,32.02,Jesus Davila,Jose Baldwin MD,579-72-5511,2024-11-07,527.82
391,2024-04-30,327.29,Diária Básica,114.65,Casey,27.88,Mrs. Sara Garcia,Daniel Shah,162-78-8925,2024-11-13,319.1
392,2024-11-09,459.7,Exame Parasitológico de Aves,179.4,Ann,9.8,Russell Richardson,Daniel Hurley,368-91-2018,2024-11-01,665.68
393,2024-06-10,93.83,Venda de Produtos da Loja,79.74,Wanda,13.49,Christopher Johnson,Tyler Jenkins,214-65-9003,2024-11-01,646.02
394,2024-09-04,80.61,Aparação de Asas,220.11,Rachel,45.76,Karen Pham,Lisa Luna,881-19-3250,2024-11-19,589.97
395,2024-10-26,190.99,Aplicação de Vacinas,76.91,Ryan,6.22,Veronica Mckinney,Alejandro Kelly,733-35-1783,2024-11-01,215.02
396,2024-08-11,285.97,Consulta Geral,69.93,Collin,16.06,Nicholas Ramirez,Kyle Holt,067-08-6112,2024-11-15,493.51
397,2024-11-16,310.96,Diária Básica,230.58,Troy,9.76,William Morris,Tiffany Gonzalez,504-65-8829,2024-11-15,563.03
398,2024-02-21,122.54,Exame Parasitológico de Aves,123.35,Joseph,40.35,Nicole Schneider,Matthew Turner,157-40-1878,2024-11-04,459.03
399,2024-02-19,455.99,Aplicação de Vacinas,78.42,Angela,20.24,Evan Smith,Robert Chavez,088-79-1171,2024-11-23,494.86
400,2024-05-14,60.79,Exame de Sangue,249.58,Nathan,37.93,Jimmy Lester,Dillon Banks,590-25-8441,2024-11-04,129.98
401,2024-09-27,254.18,Aparação de Bico,156.88,Andrew,14.11,Angela Curry,Rhonda Tucker,743-66-4184,2024-11-01,221.53
402,2024-04-06,65.95,Transporte para Consultas,22.0,Wayne,8.77,Karen Edwards,Angela Hernandez,122-46-5606,2024-11-13,432.73
403,2024-08-16,268.18,Venda de Produtos da Loja,54.67,Charles,23.34,Mr. Ryan Bruce,Lisa Cox,399-62-4810,2024-11-18,179.92
404,2024-08-12,297.58,Corte de Dentes,63.69,Lisa,35.71,Stephen Owen,Chad Estrada,558-01-2818,2024-11-04,185.38
405,2024-05-17,189.53,Diária com Recreação,119.08,Brian,19.64,Tiffany Fields,Danielle Williams,200-56-6927,2024-11-11,586.92
406,2024-09-03,414.2,Consulta Geral,240.41,Caitlin,40.67,Shane Bishop,Kristina Chavez,607-44-8521,2024-11-19,90.28
407,2024-01-31,113.31,Exame de Sangue,41.9,Brandon,46.47,Stephen Pena,Emily Smith,318-22-7298,2024-11-21,478.82
408,2024-08-10,308.46,Transporte para Banho e Tosa,29.96,Brenda,47.65,Stephanie Nguyen,Kelsey Garner,661-41-8898,2024-11-10,663.89
409,2024-08-11,99.76,Banho Com Shampoo Antipulgas,137.1,Molly,20.05,Paul Mayer,Kyle Miranda,634-16-9584,2024-11-16,73.42
410,2024-03-11,299.6,Diária com Recreação,252.56,Margaret,9.32,Jennifer Ellis,Ronald Hooper,789-10-3075,2024-11-03,625.85
411,2024-03-05,342.47,Aplicação de Vacinas,192.66,Anthony,20.93,Samuel Woodward,Mark Leach,569-19-1278,2024-11-11,451.3
412,2024-10-08,416.04,Microchipagem,138.63,Marissa,33.49,Debbie Case,Christine Horton,573-81-0870,2024-11-24,224.36
413,2024-04-12,364.74,Consulta Geral,263.2,Jeremy,40.83,Veronica Lee,Michael Berry,071-16-2920,2024-11-20,580.69
414,2024-07-02,109.72,Banho,154.38,Elizabeth,20.57,Lisa Sims,Scott Price,814-15-4852,2024-11-22,550.13
415,2024-04-05,68.88,Tosa Completa,207.46,Nancy,31.72,James Juarez,Heather Castillo,191-56-0407,2024-11-04,583.09
416,2024-04-29,77.92,Consulta Geral,268.97,Rebecca,5.7,Michael Bowen,Sean Glenn,240-32-2906,2024-11-17,320.26
417,2024-07-29,376.61,Desparasitação,251.32,Grant,40.27,Eric Patton,Marco Wright,796-28-4169,2024-11-18,653.1
418,2024-02-17,329.72,Microchipagem,67.5,Caroline,16.77,Shannon Davis,Hunter Jordan,179-66-7659,2024-11-02,495.56
419,2024-02-08,223.77,Aparação de Asas,195.73,Hunter,42.94,Kyle Montgomery,Kevin Cole,834-89-7037,2024-11-18,508.81
420,2024-08-12,104.38,Venda de Produtos da Loja,174.97,Donald,8.27,Lauren Thomas,Sandra Holland,178-13-5095,2024-11-14,427.56
421,2024-05-25,293.89,Tosa Higiênica,74.33,Walter,42.13,Wendy Miller,John Phillips,228-77-4380,2024-11-16,125.41
422,2024-10-04,139.99,Tosa Higiênica,223.24,Nicholas,15.54,Sheri Coleman,Melissa Owens,382-06-0511,2024-11-14,468.16
423,2024-10-27,198.18,Consulta Geral,28.86,Aaron,24.85,Sandra Gross,Tammy Mcguire,372-26-9290,2024-11-14,294.06
424,2024-08-26,486.83,Aparação de Bico,91.91,Roger,20.6,Caitlin Castillo,Victor Tucker,297-63-9156,2024-11-24,677.76
425,2024-11-08,334.76,Tosa Completa,221.05,Amanda,43.82,Brandon Garcia,Leslie Murphy,785-60-6219,2024-11-13,332.78
426,2024-11-08,487.58,Diária Básica,260.74,Nancy,26.6,Roberta Wilson,Rebecca Dennis,572-23-9560,2024-11-12,226.44
427,2024-05-11,333.98,Venda de Produtos da Loja,67.4,David,19.64,Sharon Carpenter,Andrea Matthews,758-76-9685,2024-11-14,318.75
428,2024-03-29,357.59,Microchipagem,80.06,Brooke,36.49,Calvin Fisher,Jennifer Cox,781-40-9494,2024-11-09,198.33
429,2024-01-12,447.37,Exame de Sangue,288.57,Chad,7.62,David Roth,Stacy Williams,477-11-1914,2024-11-02,436.18
430,2024-07-04,94.14,Aparação de Bico,264.53,Kelly,12.46,Brian Scott,Deborah Fuller,387-64-8262,2024-11-19,527.65
431,2024-06-29,140.67,Diária Básica,130.3,John,8.99,Elizabeth Maddox,Richard King,779-82-3055,2024-11-12,598.99
432,2024-11-21,138.18,Banho,163.89,Samuel,11.59,Andrew Padilla,Michele Owens,205-09-7464,2024-11-15,651.2
433,2024-07-28,51.92,Consulta Veterinária de Emergência,20.46,Margaret,42.48,Whitney Miller,Jacqueline Rodriguez,733-28-7605,2024-11-23,573.58
434,2024-06-28,366.21,Desparasitação,65.9,Ann,19.22,Paul Juarez,Sara Pierce,057-79-9467,2024-11-20,244.7
435,2024-09-25,391.69,Consulta Geral,142.77,Dennis,42.83,Shane Price,Erica Noble,783-08-1590,2024-11-04,666.18
436,2024-02-08,161.58,Diária Básica,295.58,Ryan,32.05,Jennifer Holland,Patrick Reed,559-15-3929,2024-11-23,117.03
437,2024-01-04,110.93,Transporte para Consultas,278.28,Tanya,41.62,Ryan Gardner,Jeffrey Gomez,300-27-7747,2024-11-15,408.74
438,2024-07-16,238.92,Banho,229.98,Melissa,29.28,Mr. William Hunt,Bryan Cortez,048-31-3129,2024-11-19,645.09
439,2024-04-14,363.67,Aparação de Bico,274.13,Julie,30.13,Jacob Harris DDS,Derek Moreno,102-60-7253,2024-11-14,310.74
440,2024-03-22,395.67,Consulta Geral,172.48,Crystal,42.85,Mrs. Gabrielle Yates,Mrs. Lisa Perry,055-57-7825,2024-11-20,270.7
441,2024-06-09,217.65,Aparação de Asas,217.5,Tammy,44.01,John Martinez,Nicholas Smith Jr.,151-51-4930,2024-11-02,378.56
442,2024-03-17,449.97,Aparação de Bico,243.13,Kimberly,34.99,Katie Lawrence,Todd Serrano,376-85-1522,2024-11-12,110.59
443,2024-03-23,220.35,Venda de Produtos da Loja,215.51,Amanda,25.69,Sean Lopez,Ashley Chambers,848-40-8054,2024-11-10,424.25
444,2024-07-28,104.95,Exame de Sangue,102.13,Jennifer,26.98,Deborah Fernandez,Kendra Mckee,612-68-3218,2024-11-19,98.54
445,2024-04-06,121.34,Transporte para Banho e Tosa,293.89,Joshua,47.51,Valerie Stewart,Stephanie Mcdonald,727-37-5534,2024-11-07,300.75
446,2024-03-20,482.5,Transporte para Consultas,103.23,Alexander,33.69,Debra Reed,Kenneth Lawrence,893-68-8797,2024-11-04,503.38
447,2024-08-29,342.2,Consulta Geral,91.31,Robert,32.42,Michael Berg,Zachary Meyer,440-23-7653,2024-11-19,319.57
448,2024-07-01,350.43,Aplicação de Vacinas,121.73,Bobby,42.77,Laurie Dixon,Elizabeth French,138-17-4029,2024-11-12,610.41
449,2024-04-28,138.2,Aparação de Bico,233.72,Michele,37.31,Angela Mason,Debra Hampton,093-40-7836,2024-11-07,453.28
450,2024-08-14,60.67,Diária com Recreação,256.41,Gregory,21.22,Richard Jackson,Mr. Jerry Padilla,522-67-6670,2024-11-08,73.01
451,2024-01-20,475.26,Aparação de Bico,255.03,Thomas,25.97,Michelle Parker,Jason Yang,777-39-5147,2024-11-20,262.46
452,2024-03-05,362.12,Diária com Recreação,273.79,Jason,6.13,Joseph Henderson,Paul Flores,107-97-3890,2024-11-08,673.36
453,2024-10-10,165.02,Exame de Sangue,176.38,Breanna,35.72,Adam Thompson,Joseph Martinez,253-41-2613,2024-11-13,108.26
454,2024-09-24,377.79,Exame Parasitológico de Aves,192.66,Julie,28.31,Haley Brown,Courtney Ramos,006-65-6799,2024-11-05,154.82
455,2024-06-29,109.48,Consulta Geral,121.27,Samuel,23.95,Mr. Timothy Brown,Jim Wood,593-70-5368,2024-11-24,594.98
456,2024-01-30,67.96,Diária com Recreação,236.03,Andrea,7.53,Hayley Hubbard,Kristina Hampton DDS,344-58-0134,2024-11-19,415.34
457,2024-01-02,66.14,Diária Básica,56.7,Cheyenne,30.18,Richard Flores,Jim Blackwell,896-86-0531,2024-11-14,304.94
458,2024-11-19,103.03,Aplicação de Vacinas,184.68,Scott,37.34,Gabriella Jackson,Catherine Snyder,259-77-6134,2024-11-23,329.9
459,2024-09-22,405.41,Tosa Completa,168.41,Megan,10.43,Hailey Stone,Harold Johnson,181-39-0056,2024-11-21,551.27
460,2024-09-09,275.52,Tosa Completa,43.41,Jason,10.7,Jamie Solis,Ricky Edwards,101-66-4348,2024-11-17,215.32
461,2024-11-03,436.48,Desparasitação,84.72,Katherine,9.68,Stephanie Webster,Cassandra Pearson,825-14-4211,2024-11-15,458.75
462,2024-04-28,471.15,Diária com Recreação,21.93,Ricky,16.53,Lisa Boyd,Jenny Ramirez,102-74-5581,2024-11-20,79.66
463,2024-10-25,242.47,Diária Básica,281.07,Cheryl,8.26,Sean Hogan,Steven Armstrong,617-46-8268,2024-11-22,182.48
464,2024-07-07,323.84,Tosa Higiênica,243.12,David,6.36,Christopher Banks,Natalie Norman,711-50-4963,2024-11-01,496.6
465,2024-08-08,353.89,Venda de Produtos da Loja,49.69,Christopher,20.84,Ann Sullivan,Jessica Hoffman MD,135-03-9624,2024-11-17,223.27
466,2024-02-29,298.85,Tosa Completa,97.19,John,40.97,Scott Nelson,Darlene Edwards,438-65-5131,2024-11-07,203.4
467,2024-01-26,278.7,Aparação de Bico,67.24,Laura,41.38,Robert Hanson,James Sanchez,232-42-2786,2024-11-06,97.64
468,2024-03-16,62.72,Banho,26.13,Ricardo,44.0,John Walton,Ethan Williams,110-10-9781,2024-11-19,471.6
469,2024-05-31,396.95,Corte de Dentes,41.07,Hunter,32.48,Devin Acosta,Frank Richardson,790-97-0228,2024-11-22,371.65
470,2024-02-29,155.36,Aparação de Asas,138.33,Marc,11.64,Debra Little,Michelle Coleman,453-30-9364,2024-11-07,602.28
471,2024-09-10,131.66,Venda de Produtos da Loja,223.21,Jared,44.48,Eric Lutz,Jodi Snow,711-67-6887,2024-11-19,173.56
472,2024-05-25,463.42,Venda de Produtos da Loja,88.9,Leslie,48.7,Ruth Morrison,Sydney Drake,414-68-3620,2024-11-15,695.05
473,2024-07-14,345.27,Consulta Veterinária de Emergência,200.75,Beth,9.75,Matthew Warren,David Gould,244-97-0865,2024-11-02,549.02
474,2024-01-20,276.37,Aplicação de Vacinas,55.56,Abigail,11.82,Mary Vaughn,Angela Henry,280-03-2739,2024-11-11,132.53
475,2024-03-04,260.58,Banho,89.47,Matthew,24.85,Curtis Wiley,David Brady,533-32-3370,2024-11-02,346.75
476,2024-08-08,348.47,Banho,51.98,Mark,43.19,Tanya Maynard,Amy Brown,263-87-5528,2024-11-18,418.04
477,2024-11-17,307.63,Banho,89.93,Olivia,35.07,Matthew Byrd,Brenda Kemp,183-25-9455,2024-11-05,534.11
478,2024-09-28,250.1,Aplicação de Vacinas,257.56,Maria,43.04,Laura Marquez,Teresa Booth,721-56-0611,2024-11-21,213.14
479,2024-10-24,295.62,Desparasitação,266.89,Terri,33.49,Jesus Ryan,Mary Price,541-72-2127,2024-11-21,120.9
480,2024-06-04,65.53,Venda de Produtos da Loja,178.7,Douglas,8.93,Nicole Foster,Kenneth Carroll,230-56-4935,2024-11-16,488.58
481,2024-09-25,128.38,Aplicação de Vacinas,180.59,Richard,42.23,Susan Stewart,Ashley Wright,065-67-1573,2024-11-03,169.46
482,2024-07-03,71.99,Microchipagem,167.18,Monica,29.07,Kelsey Nguyen,Jennifer Harrell,029-71-1493,2024-11-01,90.46
483,2024-09-05,348.28,Aplicação de Vacinas,268.62,Derek,44.46,Teresa Evans,Mary Jones,435-51-2360,2024-11-22,553.25
484,2024-09-25,225.09,Aparação de Bico,45.25,Joanna,20.09,Julie Baker,Gavin Perkins,189-72-8260,2024-11-11,322.21
485,2024-11-14,148.4,Transporte para Banho e Tosa,295.73,Mary,27.13,Arthur Harris,Mackenzie Barrera,751-66-2691,2024-11-19,155.23
486,2024-03-08,244.71,Banho,269.0,Amy,46.11,James Monroe,Carlos Anderson,003-65-1019,2024-11-17,254.24
487,2024-05-30,388.11,Desparasitação,151.2,Ashley,23.46,Leonard Robinson,Gloria Thomas,545-02-8530,2024-11-07,340.7
488,2024-03-31,331.89,Consulta Geral,234.28,Melissa,40.84,Ashlee Evans,Cynthia Townsend,384-37-1012,2024-11-07,84.36
489,2024-10-11,465.0,Aplicação de Vacinas,167.66,Lisa,37.57,Brandy Peterson,Danielle Barrera,283-34-3243,2024-11-14,215.8
490,2024-06-22,175.36,Aparação de Bico,289.12,Jessica,19.94,Jacob Barton,Kathryn Dunn,758-86-5022,2024-11-15,604.3
491,2024-09-06,93.4,Tosa Higiênica,25.7,Theresa,22.26,Jonathan Gardner,Ariel Hernandez,134-07-6966,2024-11-17,335.3
492,2024-02-12,97.7,Aparação de Bico,48.03,Alexa,22.6,Keith Miller,Dwayne Ruiz,279-58-4969,2024-11-13,395.54
493,2024-07-05,52.03,Desparasitação,97.37,William,30.09,James May,Anthony Santiago,528-13-6732,2024-11-24,102.13
494,2024-04-28,77.19,Corte de Dentes,61.6,Joshua,12.49,Jacob Osborne,Marcus Blake,850-92-7870,2024-11-17,234.13
495,2024-08-18,68.54,Consulta Geral,194.58,Sandra,48.16,Lorraine Singleton,Bruce Murray MD,307-96-5964,2024-11-21,330.75
496,2024-07-12,319.17,Diária Básica,127.24,Elizabeth,23.1,Jacob Lopez,Amanda Edwards,085-98-6985,2024-11-05,491.52
497,2024-11-16,363.14,Desparasitação,114.69,Heather,17.53,Scott Rios,Adam Collins,268-26-0071,2024-11-22,262.12
498,2024-01-01,257.21,Diária Básica,60.64,Julie,18.5,Corey Moore,Misty Cooper,558-48-1240,2024-11-04,453.49
499,2024-03-07,224.82,Aparação de Bico,53.9,Justin,11.16,Kristen Weaver,Steven Moran,222-97-6587,2024-11-20,131.79
500,2024-11-01,285.15,Exame Parasitológico de Aves,29.27,Tiffany,9.1,Austin Saunders,Brian Hayes,376-05-6285,2024-11-15,481.96
